<profile>

<section name = "Vivado HLS Report for 'addfloat'" level="0">
<item name = "Date">Thu Oct  8 12:15:06 2020
</item>
<item name = "Version">2019.1 (Build 2552052 on Fri May 24 15:28:33 MDT 2019)</item>
<item name = "Project">PYNQIPS</item>
<item name = "Solution">solution1</item>
<item name = "Product family">zynq</item>
<item name = "Target device">xc7z020-clg484-1</item>
</section>

<section name = "Performance Estimates" level="0">
<item name = "Timing (ns)">
<section name = "" level="1">
<item name = "Summary"><table name="" hasTotal="0">
<keys size="4">Clock, Target, Estimated, Uncertainty</keys>
<column name="ap_clk">10.00, 8.256, 1.25</column>
</table>
</item>
</section>
</item>
<item name = "Latency (clock cycles)">
<section name = "" level="1">
<item name = "Summary"><table name="" hasTotal="0">
<keys size="6">, min, max, min, max, Type</keys>
<column name="">4, 4, 4, 4, none</column>
</table>
</item>
<item name = "Detail">
<section name = "" level="1">
<item name = "Instance"><table name="" hasTotal="0">
<keys size="7">Instance, Module, min, max, min, max, Type</keys>
</table>
</item>
<item name = "Loop"><table name="" hasTotal="0">
<keys size="8">Loop Name, min, max, Latency, achieved, target, Count, Pipelined</keys>
</table>
</item>
</section>
</item>
</section>
</item>
</section>

<section name = "Utilization Estimates" level="0">
<item name = "Summary"><table name="" hasTotal="1">
<keys size="6">Name, BRAM_18K, DSP48E, FF, LUT, URAM</keys>
<column name="DSP">-, -, -, -, -</column>
<column name="Expression">-, -, -, -, -</column>
<column name="FIFO">-, -, -, -, -</column>
<column name="Instance">0, 2, 349, 622, -</column>
<column name="Memory">-, -, -, -, -</column>
<column name="Multiplexer">-, -, -, 33, -</column>
<column name="Register">-, -, 5, -, -</column>
<specialColumn name="Available">280, 220, 106400, 53200, 0</specialColumn>
<specialColumn name="Utilization (%)">0, ~0, ~0, 1, 0</specialColumn>
</table>
</item>
<item name = "Detail">
<section name = "" level="1">
<item name = "Instance"><table name="" hasTotal="1">
<keys size="7">Instance, Module, BRAM_18K, DSP48E, FF, LUT, URAM</keys>
<column name="addfloat_AXILiteS_s_axi_U">addfloat_AXILiteS_s_axi, 0, 0, 144, 232, 0</column>
<column name="addfloat_fadd_32ns_32ns_32_5_full_dsp_1_U1">addfloat_fadd_32ns_32ns_32_5_full_dsp_1, 0, 2, 205, 390, 0</column>
</table>
</item>
<item name = "DSP48E"><table name="" hasTotal="0">
<keys size="3">Instance, Module, Expression</keys>
</table>
</item>
<item name = "Memory"><table name="" hasTotal="1">
<keys size="10">Memory, Module, BRAM_18K, FF, LUT, URAM, Words, Bits, Banks, W*Bits*Banks</keys>
</table>
</item>
<item name = "FIFO"><table name="" hasTotal="1">
<keys size="8">Name, BRAM_18K, FF, LUT, URAM, Depth, Bits, Size:D*B</keys>
</table>
</item>
<item name = "Expression"><table name="" hasTotal="1">
<keys size="7">Variable Name, Operation, DSP48E, FF, LUT, Bitwidth P0, Bitwidth P1</keys>
</table>
</item>
<item name = "Multiplexer"><table name="" hasTotal="1">
<keys size="5">Name, LUT, Input Size, Bits, Total Bits</keys>
<column name="ap_NS_fsm">33, 6, 1, 6</column>
</table>
</item>
<item name = "Register"><table name="" hasTotal="1">
<keys size="5">Name, FF, LUT, Bits, Const Bits</keys>
<column name="ap_CS_fsm">5, 0, 5, 0</column>
</table>
</item>
</section>
</item>
</section>

<section name = "Interface" level="0">
<item name = "Summary"><table name="" hasTotal="0">
<keys size="6">RTL Ports, Dir, Bits, Protocol, Source Object, C Type</keys>
<column name="s_axi_AXILiteS_AWVALID">in, 1, s_axi, AXILiteS, pointer</column>
<column name="s_axi_AXILiteS_AWREADY">out, 1, s_axi, AXILiteS, pointer</column>
<column name="s_axi_AXILiteS_AWADDR">in, 6, s_axi, AXILiteS, pointer</column>
<column name="s_axi_AXILiteS_WVALID">in, 1, s_axi, AXILiteS, pointer</column>
<column name="s_axi_AXILiteS_WREADY">out, 1, s_axi, AXILiteS, pointer</column>
<column name="s_axi_AXILiteS_WDATA">in, 32, s_axi, AXILiteS, pointer</column>
<column name="s_axi_AXILiteS_WSTRB">in, 4, s_axi, AXILiteS, pointer</column>
<column name="s_axi_AXILiteS_ARVALID">in, 1, s_axi, AXILiteS, pointer</column>
<column name="s_axi_AXILiteS_ARREADY">out, 1, s_axi, AXILiteS, pointer</column>
<column name="s_axi_AXILiteS_ARADDR">in, 6, s_axi, AXILiteS, pointer</column>
<column name="s_axi_AXILiteS_RVALID">out, 1, s_axi, AXILiteS, pointer</column>
<column name="s_axi_AXILiteS_RREADY">in, 1, s_axi, AXILiteS, pointer</column>
<column name="s_axi_AXILiteS_RDATA">out, 32, s_axi, AXILiteS, pointer</column>
<column name="s_axi_AXILiteS_RRESP">out, 2, s_axi, AXILiteS, pointer</column>
<column name="s_axi_AXILiteS_BVALID">out, 1, s_axi, AXILiteS, pointer</column>
<column name="s_axi_AXILiteS_BREADY">in, 1, s_axi, AXILiteS, pointer</column>
<column name="s_axi_AXILiteS_BRESP">out, 2, s_axi, AXILiteS, pointer</column>
<column name="ap_clk">in, 1, ap_ctrl_none, addfloat, return value</column>
<column name="ap_rst_n">in, 1, ap_ctrl_none, addfloat, return value</column>
</table>
</item>
</section>
</profile>
