<stg><name>addfloat</name>


<trans_list>

<trans id="26" from="1" to="2">
<condition id="-1">
<or_exp><and_exp></and_exp></or_exp>
</condition>
</trans>

<trans id="27" from="2" to="3">
<condition id="-1">
<or_exp><and_exp></and_exp></or_exp>
</condition>
</trans>

<trans id="28" from="3" to="4">
<condition id="-1">
<or_exp><and_exp></and_exp></or_exp>
</condition>
</trans>

<trans id="29" from="4" to="5">
<condition id="-1">
<or_exp><and_exp></and_exp></or_exp>
</condition>
</trans>
</trans_list>



<state_list>

<state id="1" st_id="1">

<operation id="6" st_id="1" stage="1" lat="1">
<core>s_axilite</core>
<MemPortIdVec></MemPortIdVec>
<condition id="-1">
<or_exp><and_exp></and_exp></or_exp>
</condition>

<Node id="8" bw="32" op_0_bw="32" op_1_bw="32">
<![CDATA[
:4  %b_read = call i32 @_ssdm_op_Read.s_axilite.i32(i32 %b) nounwind

]]></Node>
<StgValue><ssdm name="b_read"/></StgValue>
</operation>

<operation id="7" st_id="1" stage="1" lat="1">
<core>s_axilite</core>
<MemPortIdVec></MemPortIdVec>
<condition id="-1">
<or_exp><and_exp></and_exp></or_exp>
</condition>

<Node id="9" bw="32" op_0_bw="32" op_1_bw="32">
<![CDATA[
:5  %a_read = call i32 @_ssdm_op_Read.s_axilite.i32(i32 %a) nounwind

]]></Node>
<StgValue><ssdm name="a_read"/></StgValue>
</operation>

<operation id="8" st_id="1" stage="1" lat="1">
<core>NULL</core>
<MemPortIdVec></MemPortIdVec>
<condition id="-1">
<or_exp><and_exp></and_exp></or_exp>
</condition>

<Node id="14" bw="32" op_0_bw="32">
<![CDATA[
:10  %afloat = bitcast i32 %a_read to float

]]></Node>
<StgValue><ssdm name="afloat"/></StgValue>
</operation>

<operation id="9" st_id="1" stage="1" lat="1">
<core>NULL</core>
<MemPortIdVec></MemPortIdVec>
<condition id="-1">
<or_exp><and_exp></and_exp></or_exp>
</condition>

<Node id="15" bw="32" op_0_bw="32">
<![CDATA[
:11  %bfloat = bitcast i32 %b_read to float

]]></Node>
<StgValue><ssdm name="bfloat"/></StgValue>
</operation>

<operation id="10" st_id="1" stage="5" lat="5">
<core>FAddSub</core>
<MemPortIdVec></MemPortIdVec>
<condition id="-1">
<or_exp><and_exp></and_exp></or_exp>
</condition>

<Node id="16" bw="32" op_0_bw="32" op_1_bw="32">
<![CDATA[
:12  %tmp = fadd float %afloat, %bfloat

]]></Node>
<StgValue><ssdm name="tmp"/></StgValue>
</operation>
</state>

<state id="2" st_id="2">

<operation id="11" st_id="2" stage="4" lat="5">
<core>FAddSub</core>
<MemPortIdVec></MemPortIdVec>
<condition id="-1">
<or_exp><and_exp></and_exp></or_exp>
</condition>

<Node id="16" bw="32" op_0_bw="32" op_1_bw="32">
<![CDATA[
:12  %tmp = fadd float %afloat, %bfloat

]]></Node>
<StgValue><ssdm name="tmp"/></StgValue>
</operation>
</state>

<state id="3" st_id="3">

<operation id="12" st_id="3" stage="3" lat="5">
<core>FAddSub</core>
<MemPortIdVec></MemPortIdVec>
<condition id="-1">
<or_exp><and_exp></and_exp></or_exp>
</condition>

<Node id="16" bw="32" op_0_bw="32" op_1_bw="32">
<![CDATA[
:12  %tmp = fadd float %afloat, %bfloat

]]></Node>
<StgValue><ssdm name="tmp"/></StgValue>
</operation>
</state>

<state id="4" st_id="4">

<operation id="13" st_id="4" stage="2" lat="5">
<core>FAddSub</core>
<MemPortIdVec></MemPortIdVec>
<condition id="-1">
<or_exp><and_exp></and_exp></or_exp>
</condition>

<Node id="16" bw="32" op_0_bw="32" op_1_bw="32">
<![CDATA[
:12  %tmp = fadd float %afloat, %bfloat

]]></Node>
<StgValue><ssdm name="tmp"/></StgValue>
</operation>
</state>

<state id="5" st_id="5">

<operation id="14" st_id="5" stage="1" lat="1">
<core>NULL</core>
<MemPortIdVec></MemPortIdVec>
<condition id="-1">
<or_exp><and_exp></and_exp></or_exp>
</condition>

<Node id="4" bw="0" op_0_bw="0" op_1_bw="32">
<![CDATA[
:0  call void (...)* @_ssdm_op_SpecBitsMap(i32 %a) nounwind, !map !62

]]></Node>
<StgValue><ssdm name="specbitsmap_ln0"/></StgValue>
</operation>

<operation id="15" st_id="5" stage="1" lat="1">
<core>NULL</core>
<MemPortIdVec></MemPortIdVec>
<condition id="-1">
<or_exp><and_exp></and_exp></or_exp>
</condition>

<Node id="5" bw="0" op_0_bw="0" op_1_bw="32">
<![CDATA[
:1  call void (...)* @_ssdm_op_SpecBitsMap(i32 %b) nounwind, !map !68

]]></Node>
<StgValue><ssdm name="specbitsmap_ln0"/></StgValue>
</operation>

<operation id="16" st_id="5" stage="1" lat="1">
<core>NULL</core>
<MemPortIdVec></MemPortIdVec>
<condition id="-1">
<or_exp><and_exp></and_exp></or_exp>
</condition>

<Node id="6" bw="0" op_0_bw="0" op_1_bw="32">
<![CDATA[
:2  call void (...)* @_ssdm_op_SpecBitsMap(i32* %c) nounwind, !map !72

]]></Node>
<StgValue><ssdm name="specbitsmap_ln0"/></StgValue>
</operation>

<operation id="17" st_id="5" stage="1" lat="1">
<core>NULL</core>
<MemPortIdVec></MemPortIdVec>
<condition id="-1">
<or_exp><and_exp></and_exp></or_exp>
</condition>

<Node id="7" bw="0" op_0_bw="0" op_1_bw="0">
<![CDATA[
:3  call void (...)* @_ssdm_op_SpecTopModule([9 x i8]* @addfloat_str) nounwind

]]></Node>
<StgValue><ssdm name="spectopmodule_ln0"/></StgValue>
</operation>

<operation id="18" st_id="5" stage="1" lat="1">
<core>NULL</core>
<MemPortIdVec></MemPortIdVec>
<condition id="-1">
<or_exp><and_exp></and_exp></or_exp>
</condition>

<Node id="10" bw="0" op_0_bw="0" op_1_bw="32" op_2_bw="0" op_3_bw="32" op_4_bw="32" op_5_bw="0" op_6_bw="32" op_7_bw="32" op_8_bw="0" op_9_bw="0" op_10_bw="0" op_11_bw="32" op_12_bw="32" op_13_bw="32" op_14_bw="32" op_15_bw="0" op_16_bw="0">
<![CDATA[
:6  call void (...)* @_ssdm_op_SpecInterface(i32 0, [13 x i8]* @p_str2, i32 0, i32 0, [1 x i8]* @p_str1, i32 0, i32 0, [1 x i8]* @p_str1, [1 x i8]* @p_str1, [1 x i8]* @p_str1, i32 0, i32 0, i32 0, i32 0, [1 x i8]* @p_str1, [1 x i8]* @p_str1) nounwind

]]></Node>
<StgValue><ssdm name="specinterface_ln36"/></StgValue>
</operation>

<operation id="19" st_id="5" stage="1" lat="1">
<core>NULL</core>
<MemPortIdVec></MemPortIdVec>
<condition id="-1">
<or_exp><and_exp></and_exp></or_exp>
</condition>

<Node id="11" bw="0" op_0_bw="0" op_1_bw="32" op_2_bw="0" op_3_bw="32" op_4_bw="32" op_5_bw="0" op_6_bw="32" op_7_bw="32" op_8_bw="0" op_9_bw="0" op_10_bw="0" op_11_bw="32" op_12_bw="32" op_13_bw="32" op_14_bw="32" op_15_bw="0" op_16_bw="0">
<![CDATA[
:7  call void (...)* @_ssdm_op_SpecInterface(i32 %a, [10 x i8]* @p_str, i32 0, i32 0, [1 x i8]* @p_str1, i32 0, i32 0, [1 x i8]* @p_str1, [1 x i8]* @p_str1, [1 x i8]* @p_str1, i32 0, i32 0, i32 0, i32 0, [1 x i8]* @p_str1, [1 x i8]* @p_str1) nounwind

]]></Node>
<StgValue><ssdm name="specinterface_ln37"/></StgValue>
</operation>

<operation id="20" st_id="5" stage="1" lat="1">
<core>NULL</core>
<MemPortIdVec></MemPortIdVec>
<condition id="-1">
<or_exp><and_exp></and_exp></or_exp>
</condition>

<Node id="12" bw="0" op_0_bw="0" op_1_bw="32" op_2_bw="0" op_3_bw="32" op_4_bw="32" op_5_bw="0" op_6_bw="32" op_7_bw="32" op_8_bw="0" op_9_bw="0" op_10_bw="0" op_11_bw="32" op_12_bw="32" op_13_bw="32" op_14_bw="32" op_15_bw="0" op_16_bw="0">
<![CDATA[
:8  call void (...)* @_ssdm_op_SpecInterface(i32 %b, [10 x i8]* @p_str, i32 0, i32 0, [1 x i8]* @p_str1, i32 0, i32 0, [1 x i8]* @p_str1, [1 x i8]* @p_str1, [1 x i8]* @p_str1, i32 0, i32 0, i32 0, i32 0, [1 x i8]* @p_str1, [1 x i8]* @p_str1) nounwind

]]></Node>
<StgValue><ssdm name="specinterface_ln38"/></StgValue>
</operation>

<operation id="21" st_id="5" stage="1" lat="1">
<core>NULL</core>
<MemPortIdVec></MemPortIdVec>
<condition id="-1">
<or_exp><and_exp></and_exp></or_exp>
</condition>

<Node id="13" bw="0" op_0_bw="0" op_1_bw="32" op_2_bw="0" op_3_bw="32" op_4_bw="32" op_5_bw="0" op_6_bw="32" op_7_bw="32" op_8_bw="0" op_9_bw="0" op_10_bw="0" op_11_bw="32" op_12_bw="32" op_13_bw="32" op_14_bw="32" op_15_bw="0" op_16_bw="0">
<![CDATA[
:9  call void (...)* @_ssdm_op_SpecInterface(i32* %c, [10 x i8]* @p_str, i32 0, i32 0, [1 x i8]* @p_str1, i32 0, i32 0, [1 x i8]* @p_str1, [1 x i8]* @p_str1, [1 x i8]* @p_str1, i32 0, i32 0, i32 0, i32 0, [1 x i8]* @p_str1, [1 x i8]* @p_str1) nounwind

]]></Node>
<StgValue><ssdm name="specinterface_ln39"/></StgValue>
</operation>

<operation id="22" st_id="5" stage="1" lat="5">
<core>FAddSub</core>
<MemPortIdVec></MemPortIdVec>
<condition id="-1">
<or_exp><and_exp></and_exp></or_exp>
</condition>

<Node id="16" bw="32" op_0_bw="32" op_1_bw="32">
<![CDATA[
:12  %tmp = fadd float %afloat, %bfloat

]]></Node>
<StgValue><ssdm name="tmp"/></StgValue>
</operation>

<operation id="23" st_id="5" stage="1" lat="1">
<core>NULL</core>
<MemPortIdVec></MemPortIdVec>
<condition id="-1">
<or_exp><and_exp></and_exp></or_exp>
</condition>

<Node id="17" bw="32" op_0_bw="32">
<![CDATA[
:13  %cfloat = bitcast float %tmp to i32

]]></Node>
<StgValue><ssdm name="cfloat"/></StgValue>
</operation>

<operation id="24" st_id="5" stage="1" lat="1">
<core>s_axilite</core>
<MemPortIdVec></MemPortIdVec>
<condition id="-1">
<or_exp><and_exp></and_exp></or_exp>
</condition>

<Node id="18" bw="0" op_0_bw="0" op_1_bw="32" op_2_bw="32">
<![CDATA[
:14  call void @_ssdm_op_Write.s_axilite.i32P(i32* %c, i32 %cfloat) nounwind

]]></Node>
<StgValue><ssdm name="write_ln44"/></StgValue>
</operation>

<operation id="25" st_id="5" stage="1" lat="1">
<core>NULL</core>
<MemPortIdVec></MemPortIdVec>
<condition id="-1">
<or_exp><and_exp></and_exp></or_exp>
</condition>

<Node id="19" bw="0">
<![CDATA[
:15  ret void

]]></Node>
<StgValue><ssdm name="ret_ln46"/></StgValue>
</operation>
</state>
</state_list>


<ports>
<port id="30" name="a" dir="0" iftype="0">
<core>NULL</core><StgValue><ssdm name="a"/></StgValue>
</port>
<port id="31" name="b" dir="0" iftype="0">
<core>NULL</core><StgValue><ssdm name="b"/></StgValue>
</port>
<port id="32" name="c" dir="1" iftype="0">
<core>NULL</core><StgValue><ssdm name="c"/></StgValue>
</port>
</ports>


<dataflows>
<dataflow id="34" from="_ssdm_op_Read.s_axilite.i32" to="b_read" fromId="33" toId="6">
</dataflow>
<dataflow id="35" from="b" to="b_read" fromId="31" toId="6">
</dataflow>
<dataflow id="36" from="_ssdm_op_Read.s_axilite.i32" to="a_read" fromId="33" toId="7">
</dataflow>
<dataflow id="37" from="a" to="a_read" fromId="30" toId="7">
</dataflow>
<dataflow id="38" from="a_read" to="afloat" fromId="7" toId="8">
</dataflow>
<dataflow id="39" from="b_read" to="bfloat" fromId="6" toId="9">
</dataflow>
<dataflow id="40" from="afloat" to="tmp" fromId="8" toId="10">
</dataflow>
<dataflow id="41" from="bfloat" to="tmp" fromId="9" toId="10">
</dataflow>
<dataflow id="42" from="afloat" to="tmp" fromId="8" toId="11">
</dataflow>
<dataflow id="43" from="bfloat" to="tmp" fromId="9" toId="11">
</dataflow>
<dataflow id="44" from="afloat" to="tmp" fromId="8" toId="12">
</dataflow>
<dataflow id="45" from="bfloat" to="tmp" fromId="9" toId="12">
</dataflow>
<dataflow id="46" from="afloat" to="tmp" fromId="8" toId="13">
</dataflow>
<dataflow id="47" from="bfloat" to="tmp" fromId="9" toId="13">
</dataflow>
<dataflow id="49" from="_ssdm_op_SpecBitsMap" to="specbitsmap_ln0" fromId="48" toId="14">
</dataflow>
<dataflow id="50" from="a" to="specbitsmap_ln0" fromId="30" toId="14">
</dataflow>
<dataflow id="51" from="_ssdm_op_SpecBitsMap" to="specbitsmap_ln0" fromId="48" toId="15">
</dataflow>
<dataflow id="52" from="b" to="specbitsmap_ln0" fromId="31" toId="15">
</dataflow>
<dataflow id="53" from="_ssdm_op_SpecBitsMap" to="specbitsmap_ln0" fromId="48" toId="16">
</dataflow>
<dataflow id="54" from="c" to="specbitsmap_ln0" fromId="32" toId="16">
</dataflow>
<dataflow id="56" from="_ssdm_op_SpecTopModule" to="spectopmodule_ln0" fromId="55" toId="17">
</dataflow>
<dataflow id="58" from="addfloat_str" to="spectopmodule_ln0" fromId="57" toId="17">
</dataflow>
<dataflow id="60" from="_ssdm_op_SpecInterface" to="specinterface_ln36" fromId="59" toId="18">
</dataflow>
<dataflow id="62" from="StgValue_61" to="specinterface_ln36" fromId="61" toId="18">
</dataflow>
<dataflow id="64" from="p_str2" to="specinterface_ln36" fromId="63" toId="18">
</dataflow>
<dataflow id="65" from="StgValue_61" to="specinterface_ln36" fromId="61" toId="18">
</dataflow>
<dataflow id="66" from="StgValue_61" to="specinterface_ln36" fromId="61" toId="18">
</dataflow>
<dataflow id="68" from="p_str1" to="specinterface_ln36" fromId="67" toId="18">
</dataflow>
<dataflow id="69" from="StgValue_61" to="specinterface_ln36" fromId="61" toId="18">
</dataflow>
<dataflow id="70" from="StgValue_61" to="specinterface_ln36" fromId="61" toId="18">
</dataflow>
<dataflow id="71" from="p_str1" to="specinterface_ln36" fromId="67" toId="18">
</dataflow>
<dataflow id="72" from="p_str1" to="specinterface_ln36" fromId="67" toId="18">
</dataflow>
<dataflow id="73" from="p_str1" to="specinterface_ln36" fromId="67" toId="18">
</dataflow>
<dataflow id="74" from="StgValue_61" to="specinterface_ln36" fromId="61" toId="18">
</dataflow>
<dataflow id="75" from="StgValue_61" to="specinterface_ln36" fromId="61" toId="18">
</dataflow>
<dataflow id="76" from="StgValue_61" to="specinterface_ln36" fromId="61" toId="18">
</dataflow>
<dataflow id="77" from="StgValue_61" to="specinterface_ln36" fromId="61" toId="18">
</dataflow>
<dataflow id="78" from="p_str1" to="specinterface_ln36" fromId="67" toId="18">
</dataflow>
<dataflow id="79" from="p_str1" to="specinterface_ln36" fromId="67" toId="18">
</dataflow>
<dataflow id="80" from="_ssdm_op_SpecInterface" to="specinterface_ln37" fromId="59" toId="19">
</dataflow>
<dataflow id="81" from="a" to="specinterface_ln37" fromId="30" toId="19">
</dataflow>
<dataflow id="83" from="p_str" to="specinterface_ln37" fromId="82" toId="19">
</dataflow>
<dataflow id="84" from="StgValue_61" to="specinterface_ln37" fromId="61" toId="19">
</dataflow>
<dataflow id="85" from="StgValue_61" to="specinterface_ln37" fromId="61" toId="19">
</dataflow>
<dataflow id="86" from="p_str1" to="specinterface_ln37" fromId="67" toId="19">
</dataflow>
<dataflow id="87" from="StgValue_61" to="specinterface_ln37" fromId="61" toId="19">
</dataflow>
<dataflow id="88" from="StgValue_61" to="specinterface_ln37" fromId="61" toId="19">
</dataflow>
<dataflow id="89" from="p_str1" to="specinterface_ln37" fromId="67" toId="19">
</dataflow>
<dataflow id="90" from="p_str1" to="specinterface_ln37" fromId="67" toId="19">
</dataflow>
<dataflow id="91" from="p_str1" to="specinterface_ln37" fromId="67" toId="19">
</dataflow>
<dataflow id="92" from="StgValue_61" to="specinterface_ln37" fromId="61" toId="19">
</dataflow>
<dataflow id="93" from="StgValue_61" to="specinterface_ln37" fromId="61" toId="19">
</dataflow>
<dataflow id="94" from="StgValue_61" to="specinterface_ln37" fromId="61" toId="19">
</dataflow>
<dataflow id="95" from="StgValue_61" to="specinterface_ln37" fromId="61" toId="19">
</dataflow>
<dataflow id="96" from="p_str1" to="specinterface_ln37" fromId="67" toId="19">
</dataflow>
<dataflow id="97" from="p_str1" to="specinterface_ln37" fromId="67" toId="19">
</dataflow>
<dataflow id="98" from="_ssdm_op_SpecInterface" to="specinterface_ln38" fromId="59" toId="20">
</dataflow>
<dataflow id="99" from="b" to="specinterface_ln38" fromId="31" toId="20">
</dataflow>
<dataflow id="100" from="p_str" to="specinterface_ln38" fromId="82" toId="20">
</dataflow>
<dataflow id="101" from="StgValue_61" to="specinterface_ln38" fromId="61" toId="20">
</dataflow>
<dataflow id="102" from="StgValue_61" to="specinterface_ln38" fromId="61" toId="20">
</dataflow>
<dataflow id="103" from="p_str1" to="specinterface_ln38" fromId="67" toId="20">
</dataflow>
<dataflow id="104" from="StgValue_61" to="specinterface_ln38" fromId="61" toId="20">
</dataflow>
<dataflow id="105" from="StgValue_61" to="specinterface_ln38" fromId="61" toId="20">
</dataflow>
<dataflow id="106" from="p_str1" to="specinterface_ln38" fromId="67" toId="20">
</dataflow>
<dataflow id="107" from="p_str1" to="specinterface_ln38" fromId="67" toId="20">
</dataflow>
<dataflow id="108" from="p_str1" to="specinterface_ln38" fromId="67" toId="20">
</dataflow>
<dataflow id="109" from="StgValue_61" to="specinterface_ln38" fromId="61" toId="20">
</dataflow>
<dataflow id="110" from="StgValue_61" to="specinterface_ln38" fromId="61" toId="20">
</dataflow>
<dataflow id="111" from="StgValue_61" to="specinterface_ln38" fromId="61" toId="20">
</dataflow>
<dataflow id="112" from="StgValue_61" to="specinterface_ln38" fromId="61" toId="20">
</dataflow>
<dataflow id="113" from="p_str1" to="specinterface_ln38" fromId="67" toId="20">
</dataflow>
<dataflow id="114" from="p_str1" to="specinterface_ln38" fromId="67" toId="20">
</dataflow>
<dataflow id="115" from="_ssdm_op_SpecInterface" to="specinterface_ln39" fromId="59" toId="21">
</dataflow>
<dataflow id="116" from="c" to="specinterface_ln39" fromId="32" toId="21">
</dataflow>
<dataflow id="117" from="p_str" to="specinterface_ln39" fromId="82" toId="21">
</dataflow>
<dataflow id="118" from="StgValue_61" to="specinterface_ln39" fromId="61" toId="21">
</dataflow>
<dataflow id="119" from="StgValue_61" to="specinterface_ln39" fromId="61" toId="21">
</dataflow>
<dataflow id="120" from="p_str1" to="specinterface_ln39" fromId="67" toId="21">
</dataflow>
<dataflow id="121" from="StgValue_61" to="specinterface_ln39" fromId="61" toId="21">
</dataflow>
<dataflow id="122" from="StgValue_61" to="specinterface_ln39" fromId="61" toId="21">
</dataflow>
<dataflow id="123" from="p_str1" to="specinterface_ln39" fromId="67" toId="21">
</dataflow>
<dataflow id="124" from="p_str1" to="specinterface_ln39" fromId="67" toId="21">
</dataflow>
<dataflow id="125" from="p_str1" to="specinterface_ln39" fromId="67" toId="21">
</dataflow>
<dataflow id="126" from="StgValue_61" to="specinterface_ln39" fromId="61" toId="21">
</dataflow>
<dataflow id="127" from="StgValue_61" to="specinterface_ln39" fromId="61" toId="21">
</dataflow>
<dataflow id="128" from="StgValue_61" to="specinterface_ln39" fromId="61" toId="21">
</dataflow>
<dataflow id="129" from="StgValue_61" to="specinterface_ln39" fromId="61" toId="21">
</dataflow>
<dataflow id="130" from="p_str1" to="specinterface_ln39" fromId="67" toId="21">
</dataflow>
<dataflow id="131" from="p_str1" to="specinterface_ln39" fromId="67" toId="21">
</dataflow>
<dataflow id="132" from="afloat" to="tmp" fromId="8" toId="22">
</dataflow>
<dataflow id="133" from="bfloat" to="tmp" fromId="9" toId="22">
</dataflow>
<dataflow id="134" from="tmp" to="cfloat" fromId="22" toId="23">
</dataflow>
<dataflow id="136" from="_ssdm_op_Write.s_axilite.i32P" to="write_ln44" fromId="135" toId="24">
</dataflow>
<dataflow id="137" from="c" to="write_ln44" fromId="32" toId="24">
</dataflow>
<dataflow id="138" from="cfloat" to="write_ln44" fromId="23" toId="24">
</dataflow>
</dataflows>


</stg>
