{
  "Top": "addfloat",
  "RtlTop": "addfloat",
  "RtlPrefix": "",
  "SourceLanguage": "cpp",
  "ResetStyle": "control",
  "GenerateBdFiles": "0",
  "HostMachineBits": "64",
  "Target": {
    "Family": "zynq",
    "Device": "xc7z020",
    "Package": "-clg484",
    "Speed": "-1"
  },
  "HlsSolution": {"Config": [
      "config_export -format=ip_catalog",
      "config_export -rtl=verilog"
    ]},
  "Args": {
    "a": {
      "index": "0",
      "type": {
        "dataType": "int",
        "dataWidth": "32",
        "interfaceRef": "s_axi_AXILiteS",
        "registerRefs": ["a"]
      }
    },
    "b": {
      "index": "1",
      "type": {
        "dataType": "int",
        "dataWidth": "32",
        "interfaceRef": "s_axi_AXILiteS",
        "registerRefs": ["b"]
      }
    },
    "c": {
      "index": "2",
      "type": {
        "dataType": "int",
        "dataWidth": "32",
        "interfaceRef": "s_axi_AXILiteS",
        "registerRefs": ["c"]
      }
    }
  },
  "Return": {
    
  },
  "ClockInfo": {
    "ClockName": "ap_clk",
    "ClockPeriod": "10",
    "IsCombLogic": "0",
    "II": "x",
    "Latency": "4",
    "Uncertainty": "1.25"
  },
  "Xdc": {"OocClocks": ["create_clock -name ap_clk -period 10.000 [get_ports ap_clk]"]},
  "Ipx": {
    "Vendor": "xilinx.com",
    "Library": "hls",
    "Name": "addfloat",
    "Version": "1.0",
    "DisplayName": "Addfloat",
    "Revision": "",
    "Description": "An IP generated by Vivado HLS",
    "Taxonomy": "\/VIVADO_HLS_IP",
    "AutoFamilySupport": ""
  },
  "Files": {
    "CSource": ["..\/pynqips.cpp"],
    "Vhdl": [
      "impl\/vhdl\/addfloat_AXILiteS_s_axi.vhd",
      "impl\/vhdl\/addfloat_fadd_32ns_32ns_32_5_full_dsp_1.vhd",
      "impl\/vhdl\/addfloat.vhd"
    ],
    "Verilog": [
      "impl\/verilog\/addfloat_AXILiteS_s_axi.v",
      "impl\/verilog\/addfloat_fadd_32ns_32ns_32_5_full_dsp_1.v",
      "impl\/verilog\/addfloat.v"
    ],
    "SwDriver": [
      "impl\/misc\/drivers\/addfloat_v1_0\/data\/addfloat.mdd",
      "impl\/misc\/drivers\/addfloat_v1_0\/data\/addfloat.tcl",
      "impl\/misc\/drivers\/addfloat_v1_0\/src\/Makefile",
      "impl\/misc\/drivers\/addfloat_v1_0\/src\/xaddfloat.c",
      "impl\/misc\/drivers\/addfloat_v1_0\/src\/xaddfloat.h",
      "impl\/misc\/drivers\/addfloat_v1_0\/src\/xaddfloat_hw.h",
      "impl\/misc\/drivers\/addfloat_v1_0\/src\/xaddfloat_linux.c",
      "impl\/misc\/drivers\/addfloat_v1_0\/src\/xaddfloat_sinit.c"
    ],
    "Misc": ["impl\/misc\/logo.png"],
    "Subcore": ["impl\/misc\/addfloat_ap_fadd_3_full_dsp_32_ip.tcl"],
    "DesignXml": "\/home\/bartek\/PYNQIPS\/solution1\/.autopilot\/db\/addfloat.design.xml",
    "DebugDir": "\/home\/bartek\/PYNQIPS\/solution1\/.debug",
    "ProtoInst": [
      "\/home\/bartek\/PYNQIPS\/solution1\/.debug\/streamGetConstnbMult.protoinst",
      "\/home\/bartek\/PYNQIPS\/solution1\/.debug\/mult_constant.protoinst",
      "\/home\/bartek\/PYNQIPS\/solution1\/.debug\/add.protoinst",
      "\/home\/bartek\/PYNQIPS\/solution1\/.debug\/addfloat.protoinst"
    ]
  },
  "SubcoreInfo": {
    "HasXpmMemory": false,
    "HasClockedDsp": false,
    "IP": [{
        "name": "addfloat_ap_fadd_3_full_dsp_32",
        "vlnv": "xilinx.com:ip:floating_point:7.1",
        "params": "CONFIG.a_precision_type Single CONFIG.a_tuser_width 1 CONFIG.add_sub_value Add CONFIG.b_tuser_width 1 CONFIG.c_a_exponent_width 8 CONFIG.c_a_fraction_width 24 CONFIG.c_compare_operation Programmable CONFIG.c_has_divide_by_zero false CONFIG.c_has_invalid_op false CONFIG.c_has_overflow false CONFIG.c_has_underflow false CONFIG.c_latency 3 CONFIG.c_mult_usage Full_Usage CONFIG.c_optimization Speed_Optimized CONFIG.c_rate 1 CONFIG.c_result_exponent_width 8 CONFIG.c_result_fraction_width 24 CONFIG.component_name addfloat_ap_fadd_3_full_dsp_32 CONFIG.flow_control NonBlocking CONFIG.has_a_tlast false CONFIG.has_a_tuser false CONFIG.has_aclken true CONFIG.has_aresetn false CONFIG.has_b_tlast false CONFIG.has_b_tuser false CONFIG.has_operation_tlast false CONFIG.has_operation_tuser false CONFIG.has_result_tready false CONFIG.maximum_latency false CONFIG.operation_tuser_width 1 CONFIG.operation_type Add_Subtract CONFIG.result_precision_type Single CONFIG.result_tlast_behv Null"
      }]
  },
  "Interfaces": {
    "ap_clk": {
      "type": "clock",
      "ctype": {"CLK": {"Type": "bool"}},
      "bundle_name": "ap_clk",
      "bundle_role": "default",
      "buses": "s_axi_AXILiteS",
      "reset": "ap_rst_n"
    },
    "ap_rst_n": {
      "type": "reset",
      "polarity": "ACTIVE_LOW",
      "ctype": {"RST": {"Type": "bool"}},
      "bundle_name": "ap_rst_n",
      "bundle_role": "default"
    },
    "s_axi_AXILiteS": {
      "type": "axi4lite",
      "is_adaptor": "true",
      "mode": "slave",
      "port_prefix": "s_axi_AXILiteS",
      "param_prefix": "C_S_AXI_AXILITES",
      "addr_bits": "6",
      "registers": [
        {
          "offset": "0x10",
          "name": "a",
          "access": "W",
          "reset_value": "0x0",
          "description": "Data signal of a",
          "fields": [{
              "offset": "0",
              "width": "32",
              "name": "a",
              "access": "W",
              "reset_value": "0",
              "description": "Bit 31 to 0 Data signal of a"
            }]
        },
        {
          "offset": "0x18",
          "name": "b",
          "access": "W",
          "reset_value": "0x0",
          "description": "Data signal of b",
          "fields": [{
              "offset": "0",
              "width": "32",
              "name": "b",
              "access": "W",
              "reset_value": "0",
              "description": "Bit 31 to 0 Data signal of b"
            }]
        },
        {
          "offset": "0x20",
          "name": "c",
          "access": "R",
          "reset_value": "0x0",
          "description": "Data signal of c",
          "fields": [{
              "offset": "0",
              "width": "32",
              "name": "c",
              "access": "R",
              "reset_value": "0",
              "description": "Bit 31 to 0 Data signal of c"
            }]
        },
        {
          "offset": "0x24",
          "name": "c_ctrl",
          "access": "R",
          "reset_value": "0x0",
          "description": "Control signal of c",
          "fields": [
            {
              "offset": "0",
              "width": "1",
              "name": "c_ap_vld",
              "access": "R",
              "reset_value": "0",
              "description": "Control signal c_ap_vld"
            },
            {
              "offset": "1",
              "width": "31",
              "name": "RESERVED",
              "access": "R",
              "reset_value": "0",
              "description": "Reserved.  0s on read."
            }
          ]
        }
      ],
      "ctype": {
        "AWVALID": {"Type": "bool"},
        "AWREADY": {"Type": "bool"},
        "WVALID": {"Type": "bool"},
        "WREADY": {"Type": "bool"},
        "BVALID": {"Type": "bool"},
        "BREADY": {"Type": "bool"},
        "BRESP": {
          "Type": "integer unsigned",
          "Width": "2"
        },
        "ARVALID": {"Type": "bool"},
        "ARREADY": {"Type": "bool"},
        "RVALID": {"Type": "bool"},
        "RREADY": {"Type": "bool"},
        "RRESP": {
          "Type": "integer unsigned",
          "Width": "2"
        },
        "AWADDR": {
          "Type": "integer unsigned",
          "Width": "6"
        },
        "WDATA": {
          "Type": "integer signed",
          "Width": "32"
        },
        "WSTRB": {
          "Type": "integer unsigned",
          "Width": "4"
        },
        "ARADDR": {
          "Type": "integer unsigned",
          "Width": "6"
        },
        "RDATA": {
          "Type": "integer signed",
          "Width": "32"
        }
      },
      "data_width": "32",
      "port_width": {
        "ARADDR": "6",
        "AWADDR": "6",
        "RDATA": "32",
        "WDATA": "32",
        "WSTRB": "4"
      }
    }
  },
  "RtlPorts": {
    "s_axi_AXILiteS_AWVALID": {
      "dir": "in",
      "width": "1"
    },
    "s_axi_AXILiteS_AWREADY": {
      "dir": "out",
      "width": "1"
    },
    "s_axi_AXILiteS_AWADDR": {
      "dir": "in",
      "width": "6"
    },
    "s_axi_AXILiteS_WVALID": {
      "dir": "in",
      "width": "1"
    },
    "s_axi_AXILiteS_WREADY": {
      "dir": "out",
      "width": "1"
    },
    "s_axi_AXILiteS_WDATA": {
      "dir": "in",
      "width": "32"
    },
    "s_axi_AXILiteS_WSTRB": {
      "dir": "in",
      "width": "4"
    },
    "s_axi_AXILiteS_ARVALID": {
      "dir": "in",
      "width": "1"
    },
    "s_axi_AXILiteS_ARREADY": {
      "dir": "out",
      "width": "1"
    },
    "s_axi_AXILiteS_ARADDR": {
      "dir": "in",
      "width": "6"
    },
    "s_axi_AXILiteS_RVALID": {
      "dir": "out",
      "width": "1"
    },
    "s_axi_AXILiteS_RREADY": {
      "dir": "in",
      "width": "1"
    },
    "s_axi_AXILiteS_RDATA": {
      "dir": "out",
      "width": "32"
    },
    "s_axi_AXILiteS_RRESP": {
      "dir": "out",
      "width": "2"
    },
    "s_axi_AXILiteS_BVALID": {
      "dir": "out",
      "width": "1"
    },
    "s_axi_AXILiteS_BREADY": {
      "dir": "in",
      "width": "1"
    },
    "s_axi_AXILiteS_BRESP": {
      "dir": "out",
      "width": "2"
    },
    "ap_clk": {
      "dir": "in",
      "width": "1"
    },
    "ap_rst_n": {
      "dir": "in",
      "width": "1"
    }
  },
  "ModuleInfo": {
    "Hierarchy": {"ModuleName": "addfloat"},
    "Info": {"addfloat": {
        "FunctionProtocol": "ap_ctrl_none",
        "isTaskLevelControl": "1",
        "isPipelined": "0",
        "isCombinational": "0",
        "isOneStateSeq": "0"
      }},
    "Metrics": {"addfloat": {
        "Latency": {
          "LatencyBest": "4",
          "LatencyAvg": "4",
          "LatencyWorst": "4",
          "PipelineII": "5",
          "PipelineDepth": "",
          "PipelineType": "none"
        },
        "Timing": {
          "Target": "10.00",
          "Uncertainty": "1.25",
          "Estimate": "8.256"
        },
        "Area": {
          "BRAM_18K": "0",
          "DSP48E": "2",
          "FF": "354",
          "LUT": "655",
          "URAM": "0"
        }
      }}
  },
  "Sdx": {
    "Target": "none",
    "ProfileOption": "0",
    "ProfileType": "none",
    "XO": "",
    "KernelName": "addfloat",
    "EnableXoSwEmu": "1"
  },
  "GenData": {
    "DataVersion": "0.2",
    "Time": "2020-10-08 12:15:07 CEST",
    "ToolName": "vivado_hls",
    "ToolVersion": "2019.1"
  }
}
